StartDate,EndDate,Progress,Duration (in seconds),Finished,RecordedDate,ResponseId,UserLanguage,Age,Gender,EduLevel,EduLevel _4_TEXT,PoliticalAffi,Country,Attention,EmotionNegative _1,EmotionNegative _2,EmotionNegative _3,EmotionNegative _4,EmotionPositive _1,EmotionPositive _2,EmotionPositive _3,Actions _1,Actions _2,Actions _3,Actions _4,Actions _5,Actions _6,Actions _7,PoliticalActions _1,PoliticalActions _2,PoliticalActions _3,PoliticalActions _4,PoliticalActions _5,PoliticalActions _6,PoliticalActions _7,DonationBird,DonationWild,DonationBio,__js_button_clicked,Condition
2026-03-26T12:40:32Z,2026-03-26T12:44:07Z,100,215,TRUE,2026-03-26T12:44:08Z,R_2DGW158Ht5XHM6N,EN-GB,23,Male,Bachelor,NA,Center,Spain,Birds,5 (Very),3,3,4,2,1 (Not at all),1 (Not at all),Extremely likely,Extremely likely,Neither likely nor unlikely,Somewhat likely,Somewhat likely,Extremely unlikely,Extremely likely,Somewhat likely,Somewhat unlikely,Somewhat unlikely,Neither likely nor unlikely,Somewhat likely,Neither likely nor unlikely,Neither likely nor unlikely,Yes,Yes,Yes,0,Pessimistic
2026-03-26T12:57:49Z,2026-03-26T13:00:59Z,100,189,TRUE,2026-03-26T13:00:59Z,R_8ydl91oRloQAt9f,EN-GB,24,Female,Master,NA,Center-left,Canada,Birds,1 (Not at all),1 (Not at all),1 (Not at all),1 (Not at all),1 (Not at all),1 (Not at all),1 (Not at all),Somewhat likely,Somewhat unlikely,Somewhat likely,Extremely likely,Somewhat likely,Extremely likely,Somewhat likely,Extremely unlikely,Somewhat likely,Somewhat unlikely,Extremely unlikely,Somewhat likely,Neither likely nor unlikely,Somewhat likely,Yes,Yes,Yes,0,Combined
2026-03-26T12:58:22Z,2026-03-26T13:04:19Z,100,356,TRUE,2026-03-26T13:04:19Z,R_8l4uCevI3otGGe4,EN-GB,23,Male,Bachelor,NA,Center-left,Spain,Birds,1 (Not at all),1 (Not at all),1 (Not at all),1 (Not at all),1 (Not at all),1 (Not at all),2,Somewhat likely,Neither likely nor unlikely,Somewhat likely,Somewhat likely,Somewhat likely,Extremely likely,Somewhat unlikely,Extremely unlikely,Extremely unlikely,Extremely unlikely,Extremely unlikely,Extremely unlikely,Somewhat likely,Somewhat likely,Yes,Yes,Yes,0,Optimistic
2026-03-26T13:13:46Z,2026-03-26T13:16:19Z,100,153,TRUE,2026-03-26T13:16:20Z,R_2E460XrzsPFgzo5,EN-GB,20,Male,Bachelor,NA,Prefer not to say,Spain,NA,NA,NA,NA,NA,NA,NA,NA,Extremely likely,Extremely unlikely,Neither likely nor unlikely,Somewhat likely,Somewhat likely,Extremely unlikely,Somewhat unlikely,Extremely unlikely,Extremely unlikely,Extremely unlikely,Extremely unlikely,Extremely unlikely,Extremely unlikely,Extremely unlikely,No,No,No,0,Control
2026-03-26T13:13:16Z,2026-03-26T13:16:59Z,100,223,TRUE,2026-03-26T13:17:00Z,R_8QrT6949UjXYpB6,EN-GB,24,Female,Master,NA,Center-right,Switzerland,Birds,4,3,1 (Not at all),2,3,3,5 (Very),Extremely likely,Extremely unlikely,Somewhat likely,Somewhat likely,Somewhat likely,Neither likely nor unlikely,Somewhat likely,Somewhat likely,Extremely unlikely,Somewhat unlikely,Somewhat likely,Neither likely nor unlikely,Extremely unlikely,Somewhat likely,Yes,Yes,Yes,0,Optimistic
2026-03-26T13:10:38Z,2026-03-26T13:17:12Z,100,393,TRUE,2026-03-26T13:17:12Z,R_2mM6gG8MkMLEPcJ,EN-GB,23,Male,Master,NA,Center-right,Switzerland,Birds,4,2,4,2,3,2,4,Somewhat likely,Extremely likely,Somewhat likely,Somewhat unlikely,Somewhat unlikely,Somewhat likely,Neither likely nor unlikely,Somewhat unlikely,Somewhat unlikely,Somewhat unlikely,Somewhat unlikely,Somewhat likely,Somewhat unlikely,Neither likely nor unlikely,No,No,No,0,Combined
2026-03-26T13:14:56Z,2026-03-26T13:20:30Z,100,333,TRUE,2026-03-26T13:20:30Z,R_2zVbOd89ATfY3aw,EN-GB,21,Female,Bachelor,NA,Center-left,Switzerland,Birds,2,4,3,3,1 (Not at all),1 (Not at all),1 (Not at all),Somewhat likely,Somewhat likely,Somewhat unlikely,Neither likely nor unlikely,Extremely likely,Somewhat likely,Neither likely nor unlikely,Neither likely nor unlikely,Somewhat likely,Extremely unlikely,Extremely unlikely,Somewhat likely,Neither likely nor unlikely,Somewhat likely,Yes,Yes,Yes,0,Pessimistic
2026-03-26T13:17:08Z,2026-03-26T13:20:35Z,100,206,TRUE,2026-03-26T13:20:35Z,R_8ql9BexDdotHVaY,EN-GB,59,Male,Master,NA,Center,Spain,Birds,3,3,3,3,2,2,3,Somewhat likely,Neither likely nor unlikely,Somewhat likely,Somewhat likely,Somewhat likely,Neither likely nor unlikely,Neither likely nor unlikely,Somewhat unlikely,Somewhat likely,Neither likely nor unlikely,Somewhat unlikely,Somewhat unlikely,Somewhat unlikely,Somewhat unlikely,No,No,No,0,Optimistic
2026-03-26T13:48:37Z,2026-03-26T13:50:59Z,100,142,TRUE,2026-03-26T13:51:00Z,R_2sd4aMwlWOvU7SV,EN-GB,24,Female,Bachelor,NA,Center,Spain,NA,NA,NA,NA,NA,NA,NA,NA,Somewhat likely,Neither likely nor unlikely,Neither likely nor unlikely,Somewhat likely,Neither likely nor unlikely,Somewhat likely,Neither likely nor unlikely,Neither likely nor unlikely,Neither likely nor unlikely,Neither likely nor unlikely,Neither likely nor unlikely,Neither likely nor unlikely,Neither likely nor unlikely,Somewhat likely,No,No,No,0,Control
2026-03-26T13:57:08Z,2026-03-26T14:00:30Z,100,201,TRUE,2026-03-26T14:00:30Z,R_8FeLYSM7gflbOvb,EN-GB,23,Male,Master,NA,Prefer not to say,France,Birds,1 (Not at all),1 (Not at all),1 (Not at all),1 (Not at all),3,2,3,Extremely likely,Extremely unlikely,Neither likely nor unlikely,Neither likely nor unlikely,Somewhat likely,Neither likely nor unlikely,Extremely unlikely,Extremely unlikely,Somewhat unlikely,Extremely unlikely,Extremely unlikely,Extremely unlikely,Extremely unlikely,Neither likely nor unlikely,No,Yes,Yes,0,Combined
2026-03-26T14:28:23Z,2026-03-26T14:31:57Z,100,213,TRUE,2026-03-26T14:31:57Z,R_8v6bF0iXPcruA26,EN-GB,27,Non-binary / third gender,PhD,NA,Right,Afghanistan,Birds,5 (Very),1 (Not at all),4,3,1 (Not at all),1 (Not at all),1 (Not at all),Extremely likely,Extremely likely,Extremely likely,Extremely likely,Somewhat likely,Neither likely nor unlikely,Somewhat unlikely,Neither likely nor unlikely,Neither likely nor unlikely,Extremely unlikely,Somewhat unlikely,Extremely unlikely,Extremely likely,Extremely likely,No,Yes,Yes,0,Pessimistic
2026-03-26T15:04:12Z,2026-03-26T15:14:44Z,100,631,TRUE,2026-03-26T15:14:45Z,R_8r7xAK46cV0VTdS,EN-GB,22,Male,Master,NA,Prefer not to say,Switzerland,Birds,3,4,2,4,4,1 (Not at all),4,Somewhat likely,Extremely unlikely,Somewhat likely,Extremely likely,Somewhat likely,Somewhat likely,Somewhat likely,Extremely unlikely,Somewhat likely,Somewhat unlikely,Somewhat likely,Neither likely nor unlikely,Somewhat likely,Somewhat likely,Yes,Yes,Yes,0,Combined
2026-03-26T15:54:56Z,2026-03-26T15:58:39Z,100,222,TRUE,2026-03-26T15:58:39Z,R_2mjZja9ZA2thoOi,EN-GB,23,Male,Bachelor,NA,Right,Spain,Birds,2,2,2,2,1 (Not at all),1 (Not at all),1 (Not at all),Somewhat likely,Extremely unlikely,Somewhat likely,Somewhat likely,Extremely unlikely,Neither likely nor unlikely,Extremely unlikely,Extremely unlikely,Extremely unlikely,Extremely unlikely,Extremely unlikely,Somewhat unlikely,Extremely unlikely,Somewhat likely,No,Yes,Yes,0,Pessimistic
2026-03-26T15:58:50Z,2026-03-26T16:01:15Z,100,144,TRUE,2026-03-26T16:01:15Z,R_8h9GWeexgadq7Cb,EN-GB,22,Male,Master,NA,Center,Germany,NA,NA,NA,NA,NA,NA,NA,NA,Somewhat unlikely,Extremely likely,Extremely likely,Somewhat unlikely,Extremely likely,Somewhat likely,Somewhat likely,Somewhat likely,Extremely unlikely,Neither likely nor unlikely,Somewhat likely,Somewhat likely,Extremely unlikely,Somewhat likely,No,No,No,0,Control
2026-03-26T16:12:47Z,2026-03-26T16:16:56Z,100,249,TRUE,2026-03-26T16:16:57Z,R_8o5bLphxzLjgotc,EN-GB,57,Female,Bachelor,NA,Center-left,Spain,Birds,3,2,3,2,4,3,3,Extremely likely,Neither likely nor unlikely,Somewhat likely,Neither likely nor unlikely,Somewhat likely,Somewhat likely,Extremely likely,Neither likely nor unlikely,Somewhat likely,Somewhat unlikely,Extremely unlikely,Extremely unlikely,Extremely unlikely,Somewhat likely,Yes,Yes,Yes,0,Optimistic
2026-03-26T16:21:17Z,2026-03-26T16:26:57Z,100,340,TRUE,2026-03-26T16:26:58Z,R_8QP50jpNXddiD8B,EN-GB,23,Male,Master,NA,Center-left,Switzerland,Birds,2,1 (Not at all),2,1 (Not at all),3,3,3,Neither likely nor unlikely,Somewhat unlikely,Somewhat unlikely,Somewhat likely,Somewhat unlikely,Neither likely nor unlikely,Neither likely nor unlikely,Somewhat unlikely,Neither likely nor unlikely,Somewhat unlikely,Neither likely nor unlikely,Extremely unlikely,Neither likely nor unlikely,Somewhat unlikely,No,No,No,0,Pessimistic
2026-03-26T17:37:09Z,2026-03-26T17:43:26Z,100,377,TRUE,2026-03-26T17:43:26Z,R_8N8uGgz2ftdRG6T,EN-GB,22,Female,Master,NA,Center-right,Switzerland,Birds,4,3,2,3,3,3,3,Extremely likely,Somewhat likely,Extremely likely,Extremely likely,Extremely likely,Somewhat likely,Extremely likely,Somewhat likely,Somewhat likely,Somewhat likely,Somewhat likely,Somewhat likely,Neither likely nor unlikely,Extremely likely,Yes,Yes,Yes,0,Combined
2026-03-26T18:09:59Z,2026-03-26T18:13:13Z,100,193,TRUE,2026-03-26T18:13:14Z,R_2hi5pwcQMAuj8hg,EN-GB,22,Female,Master,NA,Center-left,Switzerland,NA,NA,NA,NA,NA,NA,NA,NA,Somewhat likely,Extremely likely,Somewhat likely,Neither likely nor unlikely,Extremely likely,Extremely likely,Somewhat likely,Neither likely nor unlikely,Neither likely nor unlikely,Neither likely nor unlikely,Neither likely nor unlikely,Extremely likely,Somewhat likely,Extremely likely,Yes,Yes,Yes,0,Control
2026-03-26T20:05:14Z,2026-03-26T20:09:07Z,100,232,TRUE,2026-03-26T20:09:08Z,R_2xWSc2wmVh3tHoG,EN-GB,21,Male,Master,NA,Center-right,Switzerland,Birds,1 (Not at all),1 (Not at all),1 (Not at all),1 (Not at all),4,5 (Very),5 (Very),Extremely likely,Extremely unlikely,Somewhat likely,Somewhat likely,Extremely unlikely,Extremely unlikely,Extremely unlikely,Extremely unlikely,Extremely unlikely,Extremely unlikely,Extremely unlikely,Extremely unlikely,Extremely unlikely,Extremely unlikely,No,No,Yes,0,Optimistic
2026-03-26T22:15:55Z,2026-03-26T22:19:43Z,100,227,TRUE,2026-03-26T22:19:44Z,R_8DxwCZdvXw1dIgp,EN-GB,53,Female,Bachelor,NA,Center,Spain,NA,NA,NA,NA,NA,NA,NA,NA,Neither likely nor unlikely,Neither likely nor unlikely,Somewhat likely,Somewhat likely,Neither likely nor unlikely,Neither likely nor unlikely,Neither likely nor unlikely,Somewhat likely,Neither likely nor unlikely,Neither likely nor unlikely,Neither likely nor unlikely,Neither likely nor unlikely,Neither likely nor unlikely,Somewhat likely,Yes,Yes,Yes,0,Control
2026-03-26T22:24:00Z,2026-03-26T22:30:48Z,100,407,TRUE,2026-03-26T22:30:49Z,R_8jHWlK4oivcicph,EN-GB,55,Female,Master,NA,Prefer not to say,Spain,Birds,3,4,2,3,3,2,3,Extremely likely,Neither likely nor unlikely,Somewhat likely,Extremely likely,Somewhat likely,Somewhat unlikely,Somewhat unlikely,Extremely unlikely,Somewhat unlikely,Extremely unlikely,Neither likely nor unlikely,Somewhat likely,Somewhat likely,Somewhat likely,No,Yes,Yes,0,Optimistic
2026-03-26T22:43:07Z,2026-03-26T22:54:17Z,100,669,TRUE,2026-03-26T22:54:17Z,R_2EiwnOPkK2H1OaQ,EN-GB,58,Female,Master,NA,Center-left,Spain,Birds,3,2,3,3,3,1 (Not at all),2,Somewhat likely,Somewhat unlikely,Somewhat likely,Somewhat likely,Neither likely nor unlikely,Somewhat unlikely,Somewhat likely,Somewhat likely,Somewhat unlikely,Neither likely nor unlikely,Somewhat unlikely,Somewhat unlikely,Somewhat likely,Neither likely nor unlikely,No,Yes,Yes,0,Pessimistic
2026-03-26T23:04:29Z,2026-03-26T23:07:17Z,100,167,TRUE,2026-03-26T23:07:17Z,R_21cs4oa3byfNxfd,EN-GB,26,Male,Master,NA,Center-left,Switzerland,Birds,3,2,2,2,3,2,3,Extremely likely,Extremely likely,Somewhat likely,Extremely likely,Neither likely nor unlikely,Somewhat likely,Somewhat likely,Somewhat unlikely,Somewhat unlikely,Somewhat unlikely,Somewhat unlikely,Somewhat unlikely,Somewhat unlikely,Somewhat unlikely,Yes,Yes,Yes,0,Combined
2026-03-26T23:25:55Z,2026-03-26T23:29:47Z,100,232,TRUE,2026-03-26T23:29:48Z,R_8LnWdQh5IfEjXbO,EN-GB,53,Female,Master,NA,Center-left,Spain,NA,NA,NA,NA,NA,NA,NA,NA,Somewhat likely,Somewhat likely,Somewhat unlikely,Extremely unlikely,Extremely likely,Extremely likely,Somewhat likely,Somewhat likely,Somewhat likely,Somewhat likely,Somewhat likely,Somewhat likely,Somewhat unlikely,Somewhat likely,Yes,Yes,No,0,Control
2026-03-21T10:27:27Z,2026-03-21T10:29:08Z,55,100,FALSE,2026-03-28T10:29:09Z,R_8e2FHcRQLF1EBs0,EN-GB,77,Male,Master,NA,Center-left,Swaziland,Birds,NA,NA,NA,NA,NA,NA,NA,NA,NA,NA,NA,NA,NA,NA,NA,NA,NA,NA,NA,NA,NA,NA,NA,NA,0,Combined
2026-03-28T14:37:54Z,2026-03-28T14:39:49Z,100,115,TRUE,2026-03-28T14:39:50Z,R_2fadJ9NqxmwrXtO,EN-GB,22,Male,Master,NA,Center-right,Switzerland,Insects,1 (Not at all),1 (Not at all),1 (Not at all),1 (Not at all),1 (Not at all),1 (Not at all),1 (Not at all),Somewhat unlikely,Neither likely nor unlikely,Somewhat likely,Somewhat likely,Neither likely nor unlikely,Somewhat likely,Somewhat likely,Extremely unlikely,Neither likely nor unlikely,Extremely unlikely,Extremely unlikely,Extremely unlikely,Extremely unlikely,Extremely unlikely,Yes,Yes,Yes,0,Pessimistic
2026-03-21T17:37:13Z,2026-03-21T17:49:59Z,65,765,FALSE,2026-03-28T17:50:00Z,R_87rpsWVjGGbLn4B,EN-GB,23,Male,Master,NA,Center-right,Afghanistan,Birds,5 (Very),5 (Very),5 (Very),5 (Very),5 (Very),5 (Very),5 (Very),NA,NA,NA,NA,NA,NA,NA,NA,NA,NA,NA,NA,NA,NA,NA,NA,NA,0,Combined
2026-03-29T14:45:03Z,2026-03-29T14:47:11Z,100,127,TRUE,2026-03-29T14:47:11Z,R_8hFK3zS53JSFucU,EN-GB,20,Female,Master,NA,Prefer not to say,Switzerland,Birds,2,2,1 (Not at all),3,1 (Not at all),1 (Not at all),1 (Not at all),Extremely likely,Extremely likely,Somewhat likely,Neither likely nor unlikely,Somewhat unlikely,Extremely likely,Extremely likely,Extremely unlikely,Extremely unlikely,Extremely unlikely,Extremely unlikely,Somewhat unlikely,Extremely unlikely,Neither likely nor unlikely,Yes,Yes,Yes,0,Combined
2026-03-29T14:48:22Z,2026-03-29T14:52:03Z,100,221,TRUE,2026-03-29T14:52:03Z,R_8QiHEAaEL3KSe3g,EN-GB,25,Male,Master,NA,Left,Switzerland,Birds,2,2,2,2,1 (Not at all),1 (Not at all),3,Somewhat likely,Extremely unlikely,Extremely likely,Extremely likely,Neither likely nor unlikely,Neither likely nor unlikely,Neither likely nor unlikely,Extremely unlikely,Extremely unlikely,Extremely unlikely,Extremely unlikely,Extremely unlikely,Neither likely nor unlikely,Extremely unlikely,No,No,No,0,Combined
2026-03-29T14:51:01Z,2026-03-29T14:53:32Z,100,151,TRUE,2026-03-29T14:53:33Z,R_8HnurUL57SYT6Uo,EN-GB,19,Male,Bachelor,NA,Prefer not to say,Switzerland,NA,NA,NA,NA,NA,NA,NA,NA,Somewhat likely,Extremely unlikely,Extremely likely,Extremely likely,Extremely likely,Somewhat likely,Neither likely nor unlikely,Somewhat likely,Somewhat unlikely,Somewhat unlikely,Somewhat likely,Somewhat likely,Somewhat likely,Somewhat likely,No,Yes,Yes,0,Control
2026-03-29T14:49:06Z,2026-03-29T14:53:38Z,100,271,TRUE,2026-03-29T14:53:38Z,R_8pM0AFfHXwKo8Br,EN-GB,22,Prefer not to say,Bachelor,NA,Center-right,Switzerland,Birds,2,2,1 (Not at all),1 (Not at all),4,3,2,Extremely likely,Somewhat unlikely,Extremely likely,Somewhat likely,Extremely likely,Somewhat likely,Somewhat unlikely,Extremely unlikely,Somewhat unlikely,Extremely unlikely,Extremely unlikely,Somewhat likely,Somewhat likely,Extremely likely,No,No,Yes,0,Optimistic
2026-03-29T14:55:52Z,2026-03-29T14:59:43Z,100,231,TRUE,2026-03-29T14:59:44Z,R_8ZKbPEtE5kbfsbC,EN-GB,22,Female,Bachelor,NA,Center-right,Switzerland,Birds,2,3,2,1 (Not at all),3,2,3,Somewhat unlikely,Extremely likely,Neither likely nor unlikely,Somewhat unlikely,Somewhat unlikely,Extremely unlikely,Somewhat unlikely,Somewhat unlikely,Neither likely nor unlikely,Neither likely nor unlikely,Somewhat unlikely,Somewhat unlikely,Somewhat unlikely,Somewhat unlikely,Yes,Yes,Yes,0,Combined
2026-03-29T14:56:39Z,2026-03-29T15:01:53Z,100,313,TRUE,2026-03-29T15:01:53Z,R_8n65KAGLNRgXYEC,EN-GB,25,Male,PhD,NA,Center-left,Switzerland,Birds,4,2,2,2,2,2,2,Extremely likely,Neither likely nor unlikely,Extremely likely,Somewhat likely,Somewhat likely,Somewhat likely,Somewhat likely,Somewhat unlikely,Neither likely nor unlikely,Neither likely nor unlikely,Somewhat unlikely,Neither likely nor unlikely,Neither likely nor unlikely,Neither likely nor unlikely,Yes,Yes,Yes,0,Pessimistic
2026-03-29T14:58:49Z,2026-03-29T15:02:00Z,100,190,TRUE,2026-03-29T15:02:00Z,R_2qydXCyP8xuC5vd,EN-GB,22,Male,Master,NA,Right,Luxembourg,NA,NA,NA,NA,NA,NA,NA,NA,Somewhat likely,Extremely likely,Extremely likely,Somewhat likely,Somewhat likely,Somewhat likely,Somewhat unlikely,Extremely unlikely,Somewhat likely,Extremely unlikely,Extremely unlikely,Somewhat unlikely,Somewhat unlikely,Somewhat unlikely,Yes,Yes,No,0,Control
2026-03-29T15:04:08Z,2026-03-29T15:08:22Z,100,254,TRUE,2026-03-29T15:08:23Z,R_2GbeMz96fCqtYEV,EN-GB,24,Female,Master,NA,Center-left,Iran,Birds,3,1 (Not at all),1 (Not at all),2,1 (Not at all),1 (Not at all),1 (Not at all),Somewhat likely,Neither likely nor unlikely,Somewhat unlikely,Somewhat unlikely,Extremely unlikely,Extremely unlikely,Extremely unlikely,Extremely unlikely,Extremely unlikely,Extremely unlikely,Extremely unlikely,Extremely unlikely,Extremely unlikely,Extremely unlikely,No,No,No,0,Pessimistic
2026-03-29T15:09:27Z,2026-03-29T15:16:09Z,100,401,TRUE,2026-03-29T15:16:10Z,R_8SuGrbmeQDrEGBi,EN-GB,24,Male,Master,NA,Left,Switzerland,Birds,3,2,3,3,4,3,3,Somewhat likely,Neither likely nor unlikely,Extremely likely,Extremely unlikely,Somewhat likely,Neither likely nor unlikely,Somewhat likely,Neither likely nor unlikely,Somewhat likely,Neither likely nor unlikely,Somewhat unlikely,Neither likely nor unlikely,Somewhat likely,Neither likely nor unlikely,Yes,Yes,Yes,0,Pessimistic
2026-03-29T15:13:59Z,2026-03-29T15:18:06Z,100,247,TRUE,2026-03-29T15:18:07Z,R_8g0ibRQACaKN5OJ,EN-GB,27,Female,Master,NA,Center-right,Switzerland,NA,NA,NA,NA,NA,NA,NA,NA,Extremely likely,Extremely unlikely,Extremely likely,Somewhat likely,Extremely likely,Extremely likely,Extremely likely,Somewhat likely,Somewhat likely,Somewhat likely,Somewhat unlikely,Somewhat likely,Somewhat likely,Somewhat likely,Yes,Yes,Yes,0,Control
2026-03-29T15:39:26Z,2026-03-29T15:43:03Z,100,216,TRUE,2026-03-29T15:43:03Z,R_8QGkyqT1pJS83Kq,EN-GB,23,Female,Master,NA,Left,Switzerland,NA,NA,NA,NA,NA,NA,NA,NA,Extremely likely,Somewhat unlikely,Neither likely nor unlikely,Extremely likely,Somewhat likely,Somewhat likely,Somewhat likely,Somewhat unlikely,Somewhat likely,Somewhat unlikely,Extremely unlikely,Extremely unlikely,Somewhat unlikely,Neither likely nor unlikely,Yes,Yes,Yes,0,Control
2026-03-29T15:51:07Z,2026-03-29T15:53:43Z,100,155,TRUE,2026-03-29T15:53:43Z,R_8zwHd5LBtxoGF7X,EN-GB,67,Prefer not to say,Master,NA,Right,Switzerland,Birds,2,2,2,1 (Not at all),3,3,2,Extremely unlikely,Extremely likely,Somewhat unlikely,Extremely unlikely,Somewhat likely,Extremely unlikely,Extremely likely,Extremely unlikely,Extremely unlikely,Extremely unlikely,Extremely unlikely,Extremely unlikely,Extremely unlikely,Extremely unlikely,No,No,No,0,Combined
2026-03-29T16:50:17Z,2026-03-29T16:52:37Z,100,140,TRUE,2026-03-29T16:52:38Z,R_2v5AyPkKhM5UaLT,EN-GB,19,Male,Bachelor,NA,Center-right,Switzerland,NA,NA,NA,NA,NA,NA,NA,NA,Somewhat likely,Somewhat unlikely,Extremely likely,Somewhat unlikely,Extremely likely,Extremely likely,Somewhat likely,Somewhat likely,Somewhat unlikely,Somewhat unlikely,Somewhat likely,Somewhat likely,Extremely unlikely,Extremely likely,Yes,Yes,Yes,0,Control
2026-03-29T16:48:50Z,2026-03-29T16:53:25Z,100,275,TRUE,2026-03-29T16:53:25Z,R_23DAh6xlbuODoDL,EN-GB,25,Male,Master,NA,Prefer not to say,France,Birds,1 (Not at all),1 (Not at all),1 (Not at all),1 (Not at all),1 (Not at all),1 (Not at all),1 (Not at all),Somewhat likely,Somewhat unlikely,Somewhat likely,Somewhat likely,Neither likely nor unlikely,Neither likely nor unlikely,Neither likely nor unlikely,Extremely unlikely,Extremely unlikely,Extremely unlikely,Extremely unlikely,Extremely unlikely,Extremely unlikely,Extremely unlikely,Yes,Yes,Yes,0,Pessimistic
2026-03-29T17:12:12Z,2026-03-29T17:16:25Z,100,252,TRUE,2026-03-29T17:16:25Z,R_8CJ9un7nz8KgHwj,EN-GB,22,Male,Bachelor,NA,Left,Switzerland,Birds,1 (Not at all),1 (Not at all),1 (Not at all),1 (Not at all),3,1 (Not at all),2,Somewhat unlikely,Extremely unlikely,Extremely unlikely,Somewhat unlikely,Extremely unlikely,Somewhat unlikely,Extremely unlikely,Extremely unlikely,Somewhat likely,Extremely unlikely,Extremely unlikely,Extremely unlikely,Somewhat unlikely,Extremely unlikely,No,No,Yes,0,Combined
2026-03-29T18:31:01Z,2026-03-29T18:35:15Z,100,254,TRUE,2026-03-29T18:35:16Z,R_2YleW0mA56nCmbi,EN-GB,18,Female,Bachelor,NA,Left,Switzerland,Birds,2,3,2,2,4,4,3,Extremely likely,Extremely unlikely,Somewhat likely,Somewhat likely,Extremely likely,Somewhat likely,Somewhat likely,Somewhat unlikely,Neither likely nor unlikely,Somewhat unlikely,Somewhat unlikely,Somewhat unlikely,Somewhat unlikely,Neither likely nor unlikely,Yes,Yes,Yes,0,Optimistic
2026-03-29T18:49:37Z,2026-03-29T18:53:22Z,100,225,TRUE,2026-03-29T18:53:23Z,R_2JxTdYCytICc4L6,EN-GB,24,Female,Master,NA,Center-left,Switzerland,Birds,4,3,3,3,2,1 (Not at all),1 (Not at all),Extremely likely,Extremely likely,Extremely likely,Somewhat likely,Neither likely nor unlikely,Somewhat likely,Somewhat likely,Somewhat unlikely,Somewhat likely,Somewhat likely,Somewhat unlikely,Somewhat likely,Somewhat likely,Somewhat likely,Yes,Yes,Yes,0,Pessimistic
2026-03-29T19:49:08Z,2026-03-29T19:52:30Z,100,202,TRUE,2026-03-29T19:52:31Z,R_8QbZxeYByoBNVxy,EN-GB,23,Female,Bachelor,NA,Center-left,Switzerland,Birds,3,3,3,2,4,3,3,Somewhat unlikely,Somewhat likely,Somewhat likely,Somewhat likely,Somewhat likely,Neither likely nor unlikely,Neither likely nor unlikely,Somewhat unlikely,Neither likely nor unlikely,Somewhat likely,Somewhat unlikely,Somewhat unlikely,Neither likely nor unlikely,Somewhat likely,No,Yes,Yes,0,Combined
2026-03-29T23:23:06Z,2026-03-29T23:25:39Z,100,152,TRUE,2026-03-29T23:25:40Z,R_2OIC00I38Bo6KjF,EN-GB,21,Female,Master,NA,Prefer not to say,Switzerland,Birds,3,2,2,1 (Not at all),3,2,3,Somewhat likely,Somewhat unlikely,Extremely likely,Somewhat likely,Somewhat likely,Somewhat likely,Neither likely nor unlikely,Extremely unlikely,Somewhat unlikely,Somewhat unlikely,Extremely unlikely,Somewhat unlikely,Neither likely nor unlikely,Somewhat likely,No,Yes,Yes,0,Optimistic
2026-03-30T00:45:15Z,2026-03-30T00:49:45Z,100,270,TRUE,2026-03-30T00:49:45Z,R_8afvlQOzW5o01rz,EN-GB,24,Male,Master,NA,Center-left,Switzerland,NA,NA,NA,NA,NA,NA,NA,NA,Somewhat likely,Extremely likely,Somewhat likely,Somewhat likely,Neither likely nor unlikely,Somewhat unlikely,Somewhat unlikely,Extremely unlikely,Somewhat unlikely,Extremely unlikely,Extremely unlikely,Extremely unlikely,Extremely unlikely,Somewhat unlikely,No,Yes,Yes,0,Control
2026-03-25T16:25:47Z,2026-03-25T16:25:57Z,5,9,FALSE,2026-04-01T17:25:59Z,R_85XRna7XygpOQDn,EN-GB,NA,NA,NA,NA,NA,NA,NA,NA,NA,NA,NA,NA,NA,NA,NA,NA,NA,NA,NA,NA,NA,NA,NA,NA,NA,NA,NA,NA,NA,NA,NA,0,NA
2026-03-26T12:37:57Z,2026-03-26T12:40:16Z,55,139,FALSE,2026-04-02T13:40:20Z,R_8qfwObU1YN5qOp6,EN-GB,23,Male,Bachelor,NA,Center,Spain,Birds,NA,NA,NA,NA,NA,NA,NA,NA,NA,NA,NA,NA,NA,NA,NA,NA,NA,NA,NA,NA,NA,NA,NA,NA,0,Pessimistic
2026-03-26T12:41:11Z,2026-03-26T12:41:59Z,65,48,FALSE,2026-04-02T13:42:04Z,R_2FL52rSdjk2SlzW,EN-GB,23,Male,Bachelor,NA,Center-left,Spain,NA,NA,NA,NA,NA,NA,NA,NA,NA,NA,NA,NA,NA,NA,NA,NA,NA,NA,NA,NA,NA,NA,NA,NA,NA,0,Control
2026-03-26T13:01:41Z,2026-03-26T13:01:45Z,5,4,FALSE,2026-04-02T14:01:50Z,R_2fEszS0GZl2pW2R,EN-GB,NA,NA,NA,NA,NA,NA,NA,NA,NA,NA,NA,NA,NA,NA,NA,NA,NA,NA,NA,NA,NA,NA,NA,NA,NA,NA,NA,NA,NA,NA,NA,0,NA
2026-03-26T13:11:25Z,2026-03-26T13:11:28Z,5,2,FALSE,2026-04-02T14:11:29Z,R_88EXlbDixozR7fb,EN-GB,NA,NA,NA,NA,NA,NA,NA,NA,NA,NA,NA,NA,NA,NA,NA,NA,NA,NA,NA,NA,NA,NA,NA,NA,NA,NA,NA,NA,NA,NA,NA,0,NA
2026-03-26T14:43:33Z,2026-03-26T14:44:03Z,5,29,FALSE,2026-04-02T15:44:09Z,R_2OtHmk8irHKNMgV,EN-GB,NA,NA,NA,NA,NA,NA,NA,NA,NA,NA,NA,NA,NA,NA,NA,NA,NA,NA,NA,NA,NA,NA,NA,NA,NA,NA,NA,NA,NA,NA,NA,0,NA
2026-03-26T15:05:45Z,2026-03-26T15:05:53Z,5,8,FALSE,2026-04-02T16:05:54Z,R_8jVPWDf7hgOgll2,EN-GB,NA,NA,NA,NA,NA,NA,NA,NA,NA,NA,NA,NA,NA,NA,NA,NA,NA,NA,NA,NA,NA,NA,NA,NA,NA,NA,NA,NA,NA,NA,NA,0,NA
2026-03-26T18:20:23Z,2026-03-26T18:20:27Z,5,4,FALSE,2026-04-02T19:20:30Z,R_2wZsTCEvaTmaWuR,EN-GB,NA,NA,NA,NA,NA,NA,NA,NA,NA,NA,NA,NA,NA,NA,NA,NA,NA,NA,NA,NA,NA,NA,NA,NA,NA,NA,NA,NA,NA,NA,NA,0,NA
2026-03-29T14:51:32Z,2026-03-29T14:52:33Z,55,60,FALSE,2026-04-05T14:52:38Z,R_8rLN6rC60HzUWaJ,EN-GB,22,Female,Master,NA,Center-right,Norway,Birds,NA,NA,NA,NA,NA,NA,NA,NA,NA,NA,NA,NA,NA,NA,NA,NA,NA,NA,NA,NA,NA,NA,NA,NA,0,Pessimistic
2026-03-29T14:52:35Z,2026-03-29T14:53:28Z,55,53,FALSE,2026-04-05T14:53:30Z,R_8LZMiEkrlb5yTRU,EN-GB,21,Female,Bachelor,NA,Center,Switzerland,Birds,NA,NA,NA,NA,NA,NA,NA,NA,NA,NA,NA,NA,NA,NA,NA,NA,NA,NA,NA,NA,NA,NA,NA,NA,0,Optimistic
2026-03-29T15:00:22Z,2026-03-29T15:03:29Z,95,186,FALSE,2026-04-05T15:03:30Z,R_8JzyGB7Xaz9wre6,EN-GB,19,Male,Bachelor,NA,Center-right,Switzerland,NA,NA,NA,NA,NA,NA,NA,NA,Neither likely nor unlikely,Extremely likely,Somewhat likely,Somewhat likely,Somewhat likely,Neither likely nor unlikely,Somewhat likely,Somewhat unlikely,Neither likely nor unlikely,Somewhat likely,Extremely unlikely,Somewhat likely,Neither likely nor unlikely,Somewhat likely,Yes,Yes,Yes,0,Control
2026-03-29T15:06:38Z,2026-03-29T15:07:27Z,40,48,FALSE,2026-04-05T15:07:36Z,R_8ypiWuvEGExj36p,EN-GB,24,Female,Master,NA,Center-left,Switzerland,NA,NA,NA,NA,NA,NA,NA,NA,NA,NA,NA,NA,NA,NA,NA,NA,NA,NA,NA,NA,NA,NA,NA,NA,NA,0,Combined
2026-03-29T15:08:30Z,2026-03-29T15:09:34Z,55,63,FALSE,2026-04-05T15:09:35Z,R_2NwCN5RFPipM0CB,EN-GB,18,Male,Bachelor,NA,Prefer not to say,France,Birds,NA,NA,NA,NA,NA,NA,NA,NA,NA,NA,NA,NA,NA,NA,NA,NA,NA,NA,NA,NA,NA,NA,NA,NA,0,Optimistic
2026-03-29T15:08:51Z,2026-03-29T15:09:57Z,55,65,FALSE,2026-04-05T15:10:01Z,R_8J71SXifGtztFpT,EN-GB,19,Male,Bachelor,NA,Prefer not to say,Switzerland,Birds,NA,NA,NA,NA,NA,NA,NA,NA,NA,NA,NA,NA,NA,NA,NA,NA,NA,NA,NA,NA,NA,NA,NA,NA,0,Optimistic
2026-03-29T15:11:24Z,2026-03-29T15:11:28Z,5,4,FALSE,2026-04-05T15:11:30Z,R_2HjZIceVBAy3Ypj,EN-GB,NA,NA,NA,NA,NA,NA,NA,NA,NA,NA,NA,NA,NA,NA,NA,NA,NA,NA,NA,NA,NA,NA,NA,NA,NA,NA,NA,NA,NA,NA,NA,0,NA
2026-03-29T16:16:11Z,2026-03-29T16:17:21Z,55,69,FALSE,2026-04-05T16:17:23Z,R_8P5h845cEdxzKSZ,EN-GB,19,Non-binary / third gender,Bachelor,NA,Prefer not to say,Switzerland,Birds,NA,NA,NA,NA,NA,NA,NA,NA,NA,NA,NA,NA,NA,NA,NA,NA,NA,NA,NA,NA,NA,NA,NA,NA,0,Optimistic
2026-03-29T17:11:07Z,2026-03-29T17:11:12Z,5,4,FALSE,2026-04-05T17:11:15Z,R_8qfbbp1bJzKDDmL,EN-GB,NA,NA,NA,NA,NA,NA,NA,NA,NA,NA,NA,NA,NA,NA,NA,NA,NA,NA,NA,NA,NA,NA,NA,NA,NA,NA,NA,NA,NA,NA,NA,0,NA
2026-03-29T14:41:48Z,2026-03-29T18:41:53Z,95,14404,FALSE,2026-04-05T18:41:54Z,R_8giFdfeEZ0QGeeh,EN-GB,99,Male,Master,NA,Left,Afghanistan,Birds,2,2,2,2,2,2,2,Somewhat unlikely,Somewhat unlikely,Somewhat unlikely,Somewhat unlikely,Somewhat unlikely,Somewhat unlikely,Somewhat unlikely,Somewhat unlikely,Somewhat unlikely,Somewhat unlikely,Somewhat unlikely,Somewhat unlikely,Somewhat unlikely,Somewhat unlikely,No,No,Yes,0,Optimistic
2026-03-29T17:15:18Z,2026-03-30T09:42:29Z,30,59230,FALSE,2026-04-06T09:42:31Z,R_8jzuOt4MzS8fFkd,EN-GB,25,Male,Master,NA,Left,Switzerland,NA,NA,NA,NA,NA,NA,NA,NA,NA,NA,NA,NA,NA,NA,NA,NA,NA,NA,NA,NA,NA,NA,NA,NA,NA,0,Pessimistic
2026-03-29T14:47:12Z,2026-03-30T10:34:33Z,40,71240,FALSE,2026-04-06T10:34:37Z,R_8i9yQWbnF5XZDFv,EN-GB,20,Male,Bachelor,NA,Center-right,Switzerland,NA,NA,NA,NA,NA,NA,NA,NA,NA,NA,NA,NA,NA,NA,NA,NA,NA,NA,NA,NA,NA,NA,NA,NA,NA,0,Combined
2026-03-30T11:40:28Z,2026-03-30T11:40:50Z,5,22,FALSE,2026-04-06T11:40:53Z,R_2odRuBWaWNSD27D,EN-GB,NA,NA,NA,NA,NA,NA,NA,NA,NA,NA,NA,NA,NA,NA,NA,NA,NA,NA,NA,NA,NA,NA,NA,NA,NA,NA,NA,NA,NA,NA,NA,0,NA
2026-03-30T12:00:47Z,2026-03-30T12:00:55Z,5,8,FALSE,2026-04-06T12:00:56Z,R_8PREsHy6GDRPKtp,EN-GB,NA,NA,NA,NA,NA,NA,NA,NA,NA,NA,NA,NA,NA,NA,NA,NA,NA,NA,NA,NA,NA,NA,NA,NA,NA,NA,NA,NA,NA,NA,NA,0,NA
2026-03-30T18:53:23Z,2026-03-30T18:55:30Z,55,126,FALSE,2026-04-06T18:55:34Z,R_8w4XBxbgCZHwzeh,EN-GB,23,Male,Master,NA,Center-right,France,Birds,NA,NA,NA,NA,NA,NA,NA,NA,NA,NA,NA,NA,NA,NA,NA,NA,NA,NA,NA,NA,NA,NA,NA,NA,0,Optimistic
2026-04-08T08:55:44Z,2026-04-08T09:00:36Z,100,292,TRUE,2026-04-08T09:00:36Z,R_8fvYF3UlC8GY3H2,EN-GB,23,Male,Master,NA,Left,Switzerland,Birds,3,2,2,1 (Not at all),1 (Not at all),1 (Not at all),1 (Not at all),Somewhat likely,Extremely unlikely,Somewhat likely,Somewhat likely,Somewhat likely,Somewhat likely,Somewhat likely,Extremely unlikely,Extremely unlikely,Extremely unlikely,Extremely unlikely,Extremely unlikely,Extremely unlikely,Extremely unlikely,No,No,No,0,Combined
2026-04-11T13:53:19Z,2026-04-11T13:55:52Z,100,153,TRUE,2026-04-11T13:55:53Z,R_8hM8BwTcIp2aO61,EN-GB,23,Male,Master,NA,Center-right,Switzerland,NA,NA,NA,NA,NA,NA,NA,NA,Somewhat likely,Neither likely nor unlikely,Extremely likely,Somewhat likely,Somewhat likely,Extremely likely,Somewhat likely,Neither likely nor unlikely,Neither likely nor unlikely,Neither likely nor unlikely,Somewhat unlikely,Extremely unlikely,Extremely unlikely,Somewhat likely,Yes,Yes,Yes,0,Control
2026-04-12T13:02:53Z,2026-04-12T13:05:44Z,100,170,TRUE,2026-04-12T13:05:44Z,R_8plMXxEh3pn3vFs,EN-GB,24,Male,Master,NA,Center-left,Switzerland,Birds,3,2,1 (Not at all),2,1 (Not at all),2,1 (Not at all),Extremely unlikely,Neither likely nor unlikely,Extremely likely,Somewhat likely,Somewhat unlikely,Somewhat unlikely,Extremely unlikely,Extremely unlikely,Extremely unlikely,Extremely unlikely,Extremely unlikely,Somewhat likely,Extremely unlikely,Somewhat likely,Yes,Yes,Yes,0,Pessimistic
2026-04-13T12:08:14Z,2026-04-13T12:09:48Z,100,94,TRUE,2026-04-13T12:09:48Z,R_8CBMGmShOsMGr5I,EN-GB,23,Male,Master,NA,Center-left,Switzerland,NA,NA,NA,NA,NA,NA,NA,NA,Extremely likely,Neither likely nor unlikely,Somewhat likely,Somewhat likely,Extremely likely,Somewhat likely,Somewhat likely,Somewhat unlikely,Neither likely nor unlikely,Neither likely nor unlikely,Extremely unlikely,Somewhat likely,Somewhat unlikely,Extremely likely,Yes,Yes,Yes,1,Control
2026-04-13T12:09:55Z,2026-04-13T12:11:15Z,100,80,TRUE,2026-04-13T12:11:16Z,R_2cWn863O5IW7rVL,EN-GB,21,Male,Bachelor,NA,Center-right,Switzerland,Birds,2,1 (Not at all),1 (Not at all),1 (Not at all),5 (Very),3,4,Somewhat likely,Extremely likely,Neither likely nor unlikely,Neither likely nor unlikely,Somewhat likely,Somewhat likely,Somewhat likely,Somewhat unlikely,Extremely unlikely,Somewhat unlikely,Extremely unlikely,Extremely unlikely,Somewhat unlikely,Neither likely nor unlikely,No,Yes,Yes,0,Optimistic
2026-04-13T12:11:18Z,2026-04-13T12:13:58Z,100,159,TRUE,2026-04-13T12:13:58Z,R_2hu5lqHKx1yarSq,EN-GB,24,Female,Master,NA,Left,Switzerland,Birds,2,4,3,4,3,1 (Not at all),2,Extremely likely,Somewhat likely,Extremely likely,Extremely likely,Neither likely nor unlikely,Neither likely nor unlikely,Extremely likely,Neither likely nor unlikely,Extremely likely,Somewhat likely,Somewhat unlikely,Somewhat likely,Somewhat likely,Extremely likely,Yes,Yes,Yes,1,Combined
2026-04-17T10:15:34Z,2026-04-17T10:20:47Z,100,312,TRUE,2026-04-17T10:20:48Z,R_29uY6IHvqTbXdX4,EN-GB,21,Male,Bachelor,NA,Center,Spain,Birds,3,2,1 (Not at all),2,2,2,2,Extremely likely,Somewhat likely,Somewhat likely,Somewhat likely,Somewhat unlikely,Somewhat likely,Neither likely nor unlikely,Neither likely nor unlikely,Somewhat unlikely,Somewhat unlikely,Somewhat unlikely,Neither likely nor unlikely,Somewhat unlikely,Neither likely nor unlikely,No,Yes,Yes,0,Pessimistic
2026-04-17T10:13:41Z,2026-04-17T10:20:53Z,100,431,TRUE,2026-04-17T10:20:53Z,R_8JzmUgdaSXJT5Sq,EN-GB,23,Male,Bachelor,NA,Center-right,Spain,NA,NA,NA,NA,NA,NA,NA,NA,Neither likely nor unlikely,Extremely unlikely,Extremely likely,Somewhat likely,Somewhat likely,Somewhat likely,Neither likely nor unlikely,Neither likely nor unlikely,Somewhat likely,Neither likely nor unlikely,Somewhat unlikely,Somewhat unlikely,Somewhat likely,Neither likely nor unlikely,Yes,Yes,Yes,0,Control
2026-04-17T10:17:50Z,2026-04-17T10:22:30Z,100,279,TRUE,2026-04-17T10:22:30Z,R_8FqTDTPqBZv4kMh,EN-GB,21,Male,Bachelor,NA,Center,Spain,Birds,4,3,3,1 (Not at all),2,1 (Not at all),1 (Not at all),Neither likely nor unlikely,Somewhat likely,Somewhat unlikely,Extremely unlikely,Neither likely nor unlikely,Neither likely nor unlikely,Extremely unlikely,Extremely unlikely,Extremely unlikely,Extremely unlikely,Extremely unlikely,Extremely unlikely,Extremely unlikely,Extremely unlikely,No,Yes,Yes,0,Combined
2026-04-17T10:23:40Z,2026-04-17T10:28:09Z,100,268,TRUE,2026-04-17T10:28:10Z,R_2rqgORDNMuXBsbL,EN-GB,23,Male,Bachelor,NA,Center,Spain,Birds,1 (Not at all),1 (Not at all),1 (Not at all),1 (Not at all),3,3,4,Neither likely nor unlikely,Somewhat unlikely,Somewhat likely,Somewhat likely,Somewhat likely,Extremely likely,Somewhat likely,Neither likely nor unlikely,Somewhat unlikely,Somewhat unlikely,Neither likely nor unlikely,Somewhat unlikely,Somewhat likely,Somewhat likely,No,No,No,0,Optimistic
2026-04-17T10:28:20Z,2026-04-17T10:33:18Z,100,297,TRUE,2026-04-17T10:33:19Z,R_8oBT0ol2ywjcYsU,EN-GB,58,Female,Master,NA,Center-right,Andorra,Birds,1 (Not at all),1 (Not at all),1 (Not at all),1 (Not at all),1 (Not at all),1 (Not at all),1 (Not at all),Somewhat likely,Extremely unlikely,Somewhat likely,Somewhat likely,Neither likely nor unlikely,Neither likely nor unlikely,Extremely unlikely,Neither likely nor unlikely,Extremely unlikely,Extremely unlikely,Extremely unlikely,Extremely unlikely,Extremely unlikely,Extremely unlikely,No,No,No,0,Optimistic
2026-04-17T10:59:02Z,2026-04-17T11:00:59Z,100,117,TRUE,2026-04-17T11:00:59Z,R_8CTvYM18S7cBOzo,EN-GB,61,Male,Bachelor,NA,Center-right,Andorra,NA,NA,NA,NA,NA,NA,NA,NA,Somewhat likely,Extremely unlikely,Extremely likely,Extremely likely,Extremely likely,Somewhat unlikely,Somewhat unlikely,Neither likely nor unlikely,Somewhat unlikely,Somewhat unlikely,Extremely unlikely,Somewhat unlikely,Extremely unlikely,Somewhat unlikely,No,Yes,Yes,0,Control
2026-04-17T11:00:51Z,2026-04-17T11:09:00Z,100,489,TRUE,2026-04-17T11:09:00Z,R_8pnfd4sudNbhDrz,EN-GB,26,Male,PhD,NA,Center-right,Switzerland,Birds,2,3,2,2,2,1 (Not at all),2,Somewhat unlikely,Extremely unlikely,Somewhat unlikely,Somewhat likely,Somewhat unlikely,Somewhat unlikely,Extremely unlikely,Extremely unlikely,Extremely unlikely,Extremely unlikely,Extremely unlikely,Extremely unlikely,Extremely unlikely,Extremely unlikely,No,Yes,Yes,0,Pessimistic
2026-04-17T11:05:57Z,2026-04-17T11:15:18Z,100,561,TRUE,2026-04-17T11:15:19Z,R_2LjxIURmTQEm4yC,EN-GB,23,Male,Master,NA,Right,Spain,Birds,2,2,2,2,2,2,2,Neither likely nor unlikely,Extremely unlikely,Neither likely nor unlikely,Somewhat likely,Neither likely nor unlikely,Neither likely nor unlikely,Neither likely nor unlikely,Somewhat likely,Somewhat likely,Neither likely nor unlikely,Somewhat unlikely,Neither likely nor unlikely,Neither likely nor unlikely,Neither likely nor unlikely,No,No,No,0,Combined
2026-04-17T16:28:14Z,2026-04-17T16:33:20Z,100,306,TRUE,2026-04-17T16:33:21Z,R_6Qh8GGBbP3WU4wQ,EN-GB,22,Male,Other,NA,Center-right,United States of America,Birds,3,3,1 (Not at all),1 (Not at all),4,4,5 (Very),Somewhat likely,Extremely likely,Somewhat likely,Somewhat unlikely,Extremely unlikely,Extremely unlikely,Somewhat unlikely,Extremely unlikely,Extremely unlikely,Extremely unlikely,Extremely unlikely,Extremely unlikely,Extremely unlikely,Extremely unlikely,No,Yes,No,0,Combined
2026-04-17T16:51:40Z,2026-04-17T16:54:24Z,100,164,TRUE,2026-04-17T16:54:25Z,R_8DY1eZb1yBFimqY,EN-GB,25,Male,Master,NA,Center-left,Switzerland,NA,NA,NA,NA,NA,NA,NA,NA,Extremely likely,Extremely unlikely,Somewhat unlikely,Somewhat likely,Extremely unlikely,Extremely unlikely,Extremely unlikely,Extremely unlikely,Extremely unlikely,Extremely unlikely,Extremely unlikely,Extremely unlikely,Somewhat unlikely,Extremely unlikely,No,Yes,Yes,0,Control
2026-04-17T17:00:43Z,2026-04-17T17:09:05Z,100,501,TRUE,2026-04-17T17:09:05Z,R_2Vmvsi3Im0OXkyZ,EN-GB,24,Male,Bachelor,NA,Right,Spain,Birds,1 (Not at all),1 (Not at all),1 (Not at all),1 (Not at all),1 (Not at all),1 (Not at all),1 (Not at all),Neither likely nor unlikely,Somewhat unlikely,Extremely likely,Somewhat likely,Somewhat unlikely,Somewhat likely,Somewhat unlikely,Extremely unlikely,Somewhat unlikely,Extremely unlikely,Extremely unlikely,Somewhat unlikely,Neither likely nor unlikely,Somewhat unlikely,Yes,Yes,Yes,0,Pessimistic
2026-04-17T17:04:54Z,2026-04-17T17:18:03Z,100,788,TRUE,2026-04-17T17:18:04Z,R_2mLGY8EBtV0Cf7P,EN-GB,23,Female,Bachelor,NA,Center,Spain,Birds,1 (Not at all),1 (Not at all),1 (Not at all),1 (Not at all),4,4,4,Somewhat likely,Extremely likely,Extremely likely,Extremely likely,Somewhat likely,Neither likely nor unlikely,Extremely likely,Somewhat unlikely,Somewhat unlikely,Somewhat unlikely,Somewhat unlikely,Extremely unlikely,Extremely unlikely,Extremely unlikely,No,Yes,Yes,0,Optimistic
2026-04-18T09:25:43Z,2026-04-18T09:57:51Z,100,1927,TRUE,2026-04-18T09:57:51Z,R_8fuQpSbygdYyFL0,EN-GB,23,Female,Master,NA,Center,Switzerland,Birds,4,3,4,2,4,2,4,Extremely likely,Somewhat unlikely,Extremely likely,Somewhat likely,Somewhat likely,Somewhat likely,Somewhat likely,Neither likely nor unlikely,Somewhat unlikely,Neither likely nor unlikely,Extremely unlikely,Somewhat likely,Neither likely nor unlikely,Somewhat likely,Yes,Yes,Yes,1,Combined
2026-04-18T14:50:53Z,2026-04-18T14:55:28Z,100,275,TRUE,2026-04-18T14:55:29Z,R_2KNqpMYdwCcjxfO,EN-GB,24,Male,Bachelor,NA,Prefer not to say,Switzerland,Birds,1 (Not at all),1 (Not at all),1 (Not at all),1 (Not at all),1 (Not at all),1 (Not at all),1 (Not at all),Extremely unlikely,Neither likely nor unlikely,Somewhat likely,Somewhat likely,Neither likely nor unlikely,Extremely likely,Extremely unlikely,Somewhat unlikely,Extremely unlikely,Somewhat unlikely,Somewhat unlikely,Extremely unlikely,Extremely unlikely,Extremely unlikely,Yes,Yes,Yes,0,Optimistic
2026-04-19T11:20:24Z,2026-04-19T11:22:41Z,100,136,TRUE,2026-04-19T11:22:41Z,R_8gOBxUfuQ9EuETL,EN-GB,23,Male,Bachelor,NA,Center-right,Spain,NA,NA,NA,NA,NA,NA,NA,NA,Somewhat unlikely,Somewhat unlikely,Somewhat unlikely,Somewhat likely,Somewhat unlikely,Somewhat unlikely,Somewhat unlikely,Somewhat unlikely,Extremely unlikely,Extremely unlikely,Somewhat unlikely,Somewhat unlikely,Extremely unlikely,Somewhat unlikely,Yes,Yes,Yes,0,Control
2026-04-21T14:51:17Z,2026-04-21T14:57:04Z,100,347,TRUE,2026-04-21T14:57:05Z,R_8eItfst9ky6eG4t,EN-GB,23,Female,Bachelor,NA,Prefer not to say,Switzerland,Birds,3,2,2,4,3,1 (Not at all),3,Extremely likely,Neither likely nor unlikely,Somewhat unlikely,Extremely likely,Extremely likely,Extremely likely,Extremely likely,Neither likely nor unlikely,Somewhat likely,Neither likely nor unlikely,Neither likely nor unlikely,Somewhat likely,Neither likely nor unlikely,Neither likely nor unlikely,Yes,Yes,Yes,0,Combined
2026-04-17T10:14:25Z,2026-04-17T10:15:40Z,65,74,FALSE,2026-04-24T10:15:40Z,R_2e3oSNEq6LTY21B,EN-GB,23,Male,Master,NA,Right,Spain,Birds,1 (Not at all),1 (Not at all),1 (Not at all),1 (Not at all),1 (Not at all),1 (Not at all),1 (Not at all),NA,NA,NA,NA,NA,NA,NA,NA,NA,NA,NA,NA,NA,NA,NA,NA,NA,0,Pessimistic
2026-04-17T10:21:57Z,2026-04-17T10:22:00Z,5,2,FALSE,2026-04-24T10:22:03Z,R_2DZSJ9DxqfAyArE,EN-GB,NA,NA,NA,NA,NA,NA,NA,NA,NA,NA,NA,NA,NA,NA,NA,NA,NA,NA,NA,NA,NA,NA,NA,NA,NA,NA,NA,NA,NA,NA,NA,0,NA
2026-04-17T12:14:39Z,2026-04-17T12:14:50Z,5,10,FALSE,2026-04-24T12:14:51Z,R_8eEmt8g1kg9PeNd,EN-GB,NA,NA,NA,NA,NA,NA,NA,NA,NA,NA,NA,NA,NA,NA,NA,NA,NA,NA,NA,NA,NA,NA,NA,NA,NA,NA,NA,NA,NA,NA,NA,0,NA
2026-04-17T16:21:17Z,2026-04-17T16:21:24Z,5,6,FALSE,2026-04-24T16:21:29Z,R_2CKaiKtrMMLxShP,EN-GB,NA,NA,NA,NA,NA,NA,NA,NA,NA,NA,NA,NA,NA,NA,NA,NA,NA,NA,NA,NA,NA,NA,NA,NA,NA,NA,NA,NA,NA,NA,NA,0,NA
2026-04-17T17:12:16Z,2026-04-17T17:13:17Z,75,61,FALSE,2026-04-24T17:13:21Z,R_82asN3aUHc5XWGp,EN-GB,25,Female,Master,NA,Center-left,Switzerland,NA,NA,NA,NA,NA,NA,NA,NA,Somewhat likely,Somewhat unlikely,Extremely likely,Somewhat likely,Extremely likely,Somewhat likely,Somewhat likely,NA,NA,NA,NA,NA,NA,NA,NA,NA,NA,0,Control
2026-04-17T17:18:06Z,2026-04-17T17:18:08Z,5,1,FALSE,2026-04-24T17:18:09Z,R_80SqKwm0HGYoa3L,EN-GB,NA,NA,NA,NA,NA,NA,NA,NA,NA,NA,NA,NA,NA,NA,NA,NA,NA,NA,NA,NA,NA,NA,NA,NA,NA,NA,NA,NA,NA,NA,NA,0,NA
2026-04-17T23:22:28Z,2026-04-17T23:22:30Z,5,2,FALSE,2026-04-24T23:22:33Z,R_8hoURTZUp1ChsKn,EN-GB,NA,NA,NA,NA,NA,NA,NA,NA,NA,NA,NA,NA,NA,NA,NA,NA,NA,NA,NA,NA,NA,NA,NA,NA,NA,NA,NA,NA,NA,NA,NA,0,NA
2026-04-25T09:01:55Z,2026-04-25T09:04:39Z,100,163,TRUE,2026-04-25T09:04:39Z,R_8aksxcPnCgdFc0c,EN-GB,26,Male,Master,NA,Center,Switzerland,Birds,4,4,4,4,2,2,1 (Not at all),Somewhat likely,Neither likely nor unlikely,Somewhat likely,Extremely likely,Extremely likely,Somewhat likely,Somewhat likely,Neither likely nor unlikely,Neither likely nor unlikely,Somewhat likely,Somewhat likely,Somewhat likely,Somewhat likely,Somewhat likely,Yes,Yes,Yes,1,Pessimistic
2026-04-25T09:14:58Z,2026-04-25T09:17:47Z,100,168,TRUE,2026-04-25T09:17:47Z,R_8ruTzYgtn0X1HQJ,EN-GB,24,Female,Master,NA,Left,Switzerland,Birds,1 (Not at all),1 (Not at all),2,3,4,4,4,Somewhat likely,Neither likely nor unlikely,Somewhat likely,Somewhat likely,Somewhat likely,Somewhat unlikely,Neither likely nor unlikely,Somewhat unlikely,Somewhat unlikely,Somewhat unlikely,Somewhat unlikely,Somewhat unlikely,Somewhat unlikely,Somewhat likely,No,Yes,Yes,0,Optimistic
2026-04-25T09:15:20Z,2026-04-25T09:18:07Z,100,167,TRUE,2026-04-25T09:18:08Z,R_8lMmRSoquuSVKwl,EN-GB,27,Female,Master,NA,Left,Switzerland,NA,NA,NA,NA,NA,NA,NA,NA,Somewhat likely,Somewhat likely,Extremely likely,Somewhat likely,Somewhat likely,Somewhat unlikely,Neither likely nor unlikely,Extremely unlikely,Somewhat likely,Somewhat unlikely,Extremely unlikely,Extremely unlikely,Somewhat likely,Somewhat unlikely,No,Yes,Yes,0,Control
2026-04-25T09:14:26Z,2026-04-25T09:19:01Z,100,275,TRUE,2026-04-25T09:19:02Z,R_21n07TZGQRzUYF5,EN-GB,22,Female,Master,NA,Center-right,Switzerland,Birds,1 (Not at all),1 (Not at all),1 (Not at all),1 (Not at all),4,4,5 (Very),Neither likely nor unlikely,Somewhat likely,Extremely likely,Extremely likely,Neither likely nor unlikely,Somewhat likely,Extremely likely,Somewhat unlikely,Somewhat unlikely,Somewhat likely,Somewhat unlikely,Neither likely nor unlikely,Somewhat likely,Extremely likely,Yes,Yes,Yes,0,Optimistic
2026-04-25T09:17:54Z,2026-04-25T09:23:27Z,100,333,TRUE,2026-04-25T09:23:28Z,R_8e8rECap1HilKdL,EN-GB,22,Female,Master,NA,Left,Switzerland,Birds,3,3,2,2,2,1 (Not at all),2,Extremely likely,Neither likely nor unlikely,Somewhat unlikely,Neither likely nor unlikely,Somewhat unlikely,Somewhat likely,Neither likely nor unlikely,Somewhat unlikely,Extremely unlikely,Extremely unlikely,Extremely unlikely,Neither likely nor unlikely,Neither likely nor unlikely,Somewhat unlikely,Yes,Yes,Yes,0,Pessimistic
2026-04-25T09:37:10Z,2026-04-25T09:40:58Z,100,228,TRUE,2026-04-25T09:40:59Z,R_8qqcGfihn3ZzT5G,EN-GB,22,Female,Master,NA,Center-right,Switzerland,Birds,1 (Not at all),1 (Not at all),2,2,4,5 (Very),4,Somewhat likely,Extremely unlikely,Somewhat likely,Somewhat likely,Neither likely nor unlikely,Somewhat likely,Neither likely nor unlikely,Neither likely nor unlikely,Somewhat likely,Neither likely nor unlikely,Neither likely nor unlikely,Somewhat likely,Somewhat likely,Somewhat likely,Yes,Yes,Yes,0,Optimistic
2026-04-25T11:12:08Z,2026-04-25T11:13:37Z,100,89,TRUE,2026-04-25T11:13:38Z,R_8R8uQGaC1mx3DoG,EN-GB,23,Female,Bachelor,NA,Prefer not to say,Switzerland,NA,NA,NA,NA,NA,NA,NA,NA,Extremely likely,Neither likely nor unlikely,Extremely likely,Extremely likely,Extremely likely,Extremely likely,Extremely likely,Neither likely nor unlikely,Somewhat likely,Neither likely nor unlikely,Somewhat unlikely,Somewhat likely,Neither likely nor unlikely,Somewhat likely,Yes,Yes,Yes,0,Control
2026-04-25T11:15:01Z,2026-04-25T11:18:38Z,100,216,TRUE,2026-04-25T11:18:39Z,R_8KCaECT2gygJY1b,EN-GB,22,Female,Master,NA,Center-left,Switzerland,Birds,3,2,2,3,1 (Not at all),1 (Not at all),1 (Not at all),Somewhat likely,Extremely unlikely,Neither likely nor unlikely,Somewhat likely,Somewhat likely,Somewhat unlikely,Somewhat unlikely,Extremely unlikely,Somewhat unlikely,Somewhat unlikely,Extremely unlikely,Extremely unlikely,Extremely unlikely,Somewhat likely,Yes,Yes,Yes,0,Pessimistic
2026-04-25T14:20:57Z,2026-04-25T14:24:49Z,100,231,TRUE,2026-04-25T14:24:49Z,R_8WGw16FyBpxtraE,EN-GB,23,Male,Master,NA,Center-right,France,Birds,3,2,3,2,2,1 (Not at all),2,Somewhat likely,Somewhat unlikely,Extremely likely,Extremely likely,Somewhat likely,Neither likely nor unlikely,Somewhat likely,Somewhat unlikely,Extremely unlikely,Somewhat unlikely,Somewhat unlikely,Neither likely nor unlikely,Somewhat unlikely,Somewhat likely,Yes,Yes,Yes,0,Combined
2026-04-19T10:05:14Z,2026-04-19T10:06:00Z,55,45,FALSE,2026-04-26T10:06:03Z,R_2oNyykvtjDPUtON,EN-GB,23,Male,Bachelor,NA,Prefer not to say,Spain,Birds,NA,NA,NA,NA,NA,NA,NA,NA,NA,NA,NA,NA,NA,NA,NA,NA,NA,NA,NA,NA,NA,NA,NA,NA,0,Pessimistic
2026-04-26T10:45:29Z,2026-04-26T10:47:29Z,100,119,TRUE,2026-04-26T10:47:30Z,R_2NJnWelxfTQyuTE,EN-GB,26,Male,Master,NA,Left,Denmark,Birds,1 (Not at all),2,1 (Not at all),2,5 (Very),4,5 (Very),Extremely likely,Extremely likely,Somewhat likely,Extremely likely,Extremely likely,Extremely likely,Extremely likely,Somewhat likely,Extremely likely,Somewhat likely,Extremely likely,Extremely likely,Extremely likely,Extremely likely,Yes,Yes,Yes,1,Optimistic
